{
	"crtlInfo": {
		"version": 1,
		"creationDate": "01Oct2020 12:50",
		"createdBy": "porjoo",
		"lastModifDate": "01Oct2020 12:50",
		"lastModifBy": "porjoo"
	},
	"casServer": "cas-shared-default",
	"reportID": [
		"cc761f02-2b58-43f0-a73c-c7fb0767c2ad"
	],
	"defaultBehaviour": "editable",
	"trackChanges": true,
	"ValidateTable": false,
	"OnSaveMode": 1,
	"RecoverUnSavedChanges": 1,
	"validUsers": {
		"groups": [
			"SASAdministrators",
			"PTPowerUsers",
			"PTProjectShare",
			"BEPowerUsers",
			"BEProjectShare",
			"NLPowerUsers",
			"NLProjectShare",
			"FRPowerUsers",
			"FRProjectShare",
			"SPPowerUsers",
			"SPProjectShare",
			"ukipowerusers",
			"ukisupportusers"
		],
		"users": [
			"porjoo",
			"stest4",
			"snlref",
			"snlysy",
			"sasdemo",
			"sukdhs",
			"frajoz",
			"frascb",
			"sbxjej",
			"snlbad"
		]
	},
	"modules": {
		"cellChanges": true,
		"history": true,
		"saveChanges": true,
		"save2Disk": true,
		"addRows": true,
		"deleteRows": true,
		"updtColVal": true,
		"download": true,
		"downloadCSV": true,
		"downloadPDF": true,
		"downloadJSON": true,
		"downloadXLSX": true,
		"downloadHTML": true,
		"printing": true,
		"clipboard": true,
		"calculator": true,
		"logger": true,
		"aggregation": true,
		"recoverChanges": true
	},
	"notMappedColumnsDefaults": {
		"name": "unknown",
		"frozen": null,
		"editable": false,
		"visible": false,
		"onDownload": true,
		"onPrint": true,
		"onClipboard": true,
		"calculator": true,
		"formula": null,
		"validation": {
			"required": false,
			"useFormula": null,
			"default": null,
			"min": null,
			"max": null,
			"minLength": null,
			"maxLength": null,
			"in": null,
			"starts": null,
			"ends": null,
			"regex": null
		},
		"aggregation": {
			"topCalc": {
				"method": null,
				"precision": null,
				"label": null
			},
			"bottomCalc": {
				"method": null,
				"precision": null,
				"label": null
			}
		}
	},
	"dataSources": [
		{
			"casLib": "public",
			"casTable": "CARS",
			"validateOnLoad": true,
			"trackChanges": true,
			"OnSaveMode": 1,
			"RecoverUnSavedChanges": 1,
			"columnDefaults": {
				"primaryKey": false,
				"editable": true,
				"visible": true,
				"frozen": null,
				"onDownload": true,
				"onPrint": true,
				"onClipboard": true,
				"calculator": true,
				"formula": null,
				"validation": {
					"required": true,
					"useFormula": null,
					"default": null,
					"min": null,
					"max": null,
					"minLength": null,
					"maxLength": null,
					"in": null,
					"starts": null,
					"ends": null,
					"regex": null
				},
				"aggregation": {
					"topCalc": {
						"method": null,
						"precision": null,
						"label": null
					},
					"bottomCalc": {
						"method": null,
						"precision": null,
						"label": null
					}
				}
			},
			"columns": [
				{
					"name": "Unique_ID",
					"visible": true,
					"primaryKey": true,
					"frozen": true
				},
				{
					"name": "Make"
				},
				{
					"name": "Type"
				},
				{
					"name": "Origin"
				},
				{
					"name": "DriveTrain"
				},
				{
					"name": "Model",
					"editable": false,
					"headerFilter": true
				},
				{
					"name": "MSRP"
				},
				{
					"name": "Invoice"
				},
				{
					"name": "EngineSize"
				},
				{
					"name": "Cylinders"
				},
				{
					"name": "Horsepower"
				},
				{
					"name": "MPG_City",
					"aggregation": {
						"bottomCalc": {
							"method": "avg",
							"precision": 5,
							"label": "<i class='fas fa-exchange-alt'></i>&nbspAvg:&nbsp"
						}
					}
				},
				{
					"name": "MPG_Highway",
					"aggregation": {
						"bottomCalc": {
							"method": "avg",
							"precision": 5,
							"label": "<i class='fas fa-exchange-alt'></i>&nbspAvg:&nbsp"
						}
					}
				},
				{
					"name": "Weight"
				},
				{
					"name": "Wheelbase"
				},
				{
					"name": "Length"
				}
			]
		},
		{
			"casLib": "public",
			"casTable": "SNACKS",
			"validateOnLoad": true,
			"trackChanges": true,
			"OnSaveMode": 2,
			"RecoverUnSavedChanges": 1,
			"columnDefaults": {
				"primaryKey": false,
				"editable": true,
				"visible": true,
				"frozen": null,
				"onDownload": true,
				"onPrint": true,
				"onClipboard": true,
				"calculator": true,
				"validation": {
					"required": true,
					"useFormula": null,
					"default": null,
					"min": null,
					"max": null,
					"minLength": null,
					"maxLength": null,
					"in": null,
					"starts": null,
					"ends": null,
					"regex": null
				},
				"aggregation": {
					"topCalc": {
						"method": null,
						"precision": null,
						"label": null
					},
					"bottomCalc": {
						"method": null,
						"precision": null,
						"label": null
					}
				}
			},
			"ctxMenuExtServices": [
				{
					"execMode": "background",
					"name": "JobExec-API-ProcPrintCars",
					"label": "<i class='fas fa-receipt'></i>&ensp;Print Cars&nbsp;",
					"ViyaService": "jobExecution",
					"service": {
						"url": "/jobExecution/jobs",
						"method": "POST",
						"async": false,
						"timeout": 1000,
						"headers": {
							"Content-Type": "application/vnd.sas.job.execution.job.request+json",
							"Accept": "application/vnd.sas.job.execution.job+json"
						},
						"data": {
							"jobDefinitionUri": "/jobDefinitions/definitions/0f471f27-6f1e-4e24-9fd0-d759f6ba6e42",
							"arguments": {
								"_contextName": "SAS Job Execution compute context",
								"_action": "execute",
								"_csrf": "$CSRF$"
							}
						}
					}
				},
				{
					"execMode": "foreground",
					"name": "JobExec-JustShowingParameters",
					"label": "<i class='fas fa-receipt'></i>&ensp;JustShowingParameters&nbsp;",
					"ViyaService": "SASJobExecution",
					"service": {
						"url": "/SASJobExecution/",
						"method": "POST",
						"async": false,
						"headers": {
							"Accept": "application/json"
						},
						"data": {
							"_program": "/Public/VATableEditor/Examples/SASJobExec/JustShowingParameters",
							"_continent": "Europe",
							"_country": "Portugal",
							"_prodline": "getColumnValue(Product)",
							"_output_type": "html",
							"_csrf": "$CSRF$"
						}
					}
				},
				{
					"execMode": "foreground",
					"name": "JobExec-with-a-Form",
					"label": "<i class='fas fa-spell-check'></i>&ensp;JobExec with a form&nbsp;",
					"service": {
						"url": "https://sasserver.demo.sas.com/SASJobExecution/form/",
						"data": {
							"_program": "/Public/SAS_DQ_AUTOPROF/JobExec/DQ_TblDict",
							"_action": "execute",
							"RowUID": "getColumnValue(Unique_ID)",
							"reportID": "getReportUID()",
							"_csrf": "$CSRF$",
							"obj1": {
								"uid": "getColumnValue(Unique_ID)",
								"idx": 12
							},
							"array1": [
								"getColumnValue(Unique_ID)",
								"getReportUID()"
							]
						}
					}
				},
				{
					"execMode": "foreground",
					"name": "Numbers API",
					"label": "<i class='fas fa-calculator'></i>&ensp;Math Numbers&nbsp;",
					"service": {
						"url": "http://numbersapi.com/random/year",
						"method": "GET",
						"async": false,
						"headers": {
							"Accept": "*/*"
						},
						"data": {
							"json": ""
						}
					}
				},
				{
					"execMode": "background",
					"name": "Numbers API",
					"label": "<i class='fas fa-calculator'></i>&ensp;Math Numbers&nbsp;",
					"service": {
						"url": "http://numbersapi.com/random/year",
						"method": "GET",
						"async": false,
						"headers": {
							"Accept": "*/*"
						},
						"data": {
							"json": ""
						}
					}
				}
			],
			"authorizations": [
				{
					"groups": [
						"PTPowerUsers",
						"PTProjectShare",
						"BEPowerUsers",
						"BEProjectShare",
						"NLPowerUsers",
						"NLProjectShare",
						"FRPowerUsers",
						"FRProjectShare",
						"SPPowerUsers",
						"SPProjectShare",
						"ukipowerusers",
						"ukisupportusers"
					],
					"users": [
						"porjoo",
						"stest4",
						"snlref",
						"snlysy",
						"sasdemo",
						"sukdhs",
						"frajoz",
						"frascb",
						"sbxjej",
						"snlbad"
					],
					"grants": "1111111"
				}
			],
			"columns": [
				{
					"name": "Frequency",
					"visible": true,
					"aggregation": {
						"bottomCalc": {
							"method": "count",
							"label": "<i class='fas fa-hashtag'></i>&nbspCount:&nbsp"
						}
					}
				},
				{
					"name": "Advertised",
					"headerFilter": true,
					"editorSelect": {
						"from": "list",
						"values": [
							0,
							3,
							1,
							2
						],
						"sortValuesList": "asc",
						"useOnHeaderFilter": true
					},
					"validation": {
						"default": 0,
						"min": 0,
						"max": 3,
						"regex": "^[0-3]$"
					}
				},
				{
					"name": "Date",
					"validation": {
						"default": {
							"date": "10/01/2020",
							"format": "DD/MM/YYYY"
						},
						"min": "01/01/2002",
						"max": "31/12/2019"
					},
					"aggregation": {
						"topCalc": {
							"method": "min",
							"label": "<i class='fas fa-arrow-alt-circle-down'></i>&nbspMin:&nbsp"
						},
						"bottomCalc": {
							"method": "max",
							"label": "<i class='fas fa-arrow-alt-circle-up'></i>&nbspMax:&nbsp"
						}
					}
				},
				{
					"name": "Holiday",
					"headerFilter": true,
					"editorSelect": {
						"from": "list",
						"values": {
							"0": "No",
							"1": "Yes",
							"2": "Maybe"
						},
						"sortValuesList": "asc",
						"defaultValue": "No",
						"useOnHeaderFilter": true
					},
					"validation": {
						"default": 0,
						"min": 0,
						"max": 2,
						"regex": "^[0-2]$"
					}
				},
				{
					"name": "Product",
					"headerFilter": true,
					"editorSelect": {
						"from": "table",
						"values": {
							"casLib": "public",
							"casTable": "SNACKS",
							"tableColumn": "Product",
							"maxItems": 100
						},
						"sortValuesList": "asc",
						"useOnHeaderFilter": true
					},
					"validation": {
						"minLength": 1,
						"maxLength": 45
					},
					"aggregation": {
						"bottomCalc": {
							"method": "countUnique",
							"precision": 3,
							"label": "<i class='fas fa-hashtag'></i>&nbspUnique Values:&nbsp"
						}
					}
				},
				{
					"name": "Price",
					"formula": "lookup(Product,'public','SNACKS_LOOKUP','Product','Price')",
					"editorSelect": {
						"from": "column",
						"values": {
							"name": [
								"Product"
							],
							"useFormula": true
						}
					},
					"validation": {
						"useFormula": true
					},
					"aggregation": {
						"topCalc": {
							"method": "std",
							"precision": 5,
							"label": "<i class='fas fa-calculator'></i>&nbspStd:&nbsp"
						},
						"bottomCalc": {
							"method": "avg",
							"precision": 5,
							"label": "<i class='fas fa-exchange-alt'></i>&nbspAvg:&nbsp"
						}
					}
				},
				{
					"name": "Unique_ID",
					"primaryKey": true,
					"frozen": true,
					"visible": true
				},
				{
					"name": "QtySold",
					"headerFilter": true,
					"validation": {
						"default": 1,
						"min": 0,
						"max": 15
					},
					"aggregation": {
						"topCalc": {
							"method": "var",
							"precision": 1
						},
						"bottomCalc": {
							"method": "avg",
							"precision": 1
						}
					}
				}
			]
		}
	]
}