{
	"information": {
		"VATableEditor-CtrlDefinitions"	: "v4",
		"creationDate"					: "11Apr2021 12:50",
		"createdBy"						: "porjoo",
		"lastModifDate"					: "16Apr2021 12:50",
		"lastModifBy"					: "porjoo",
		"TrackingTblLib" 				: "public",
		"TrackingTable"   				: "VATableEditor_Changes",
		"TrackChanges"					: true,
		"defaultBehaviour"				: "read-only",
		"ValidateTable"					: true,
		"OnSaveMode" 					: 1,
		"RecoverUnSavedChanges"			: 1
	},
	"reports": {
		"cc761f02-2b58-43f0-a73c-c7fb0767c2ad": "ReportsDefinitions/Report1.ctrl.json",
	}
}