{
	"information": {
		"VATableEditor-CtrlDefinitions": "v2",
		"creationDate": "01Oct2020 12:50",
		"createdBy": "porjoo",
		"lastModifDate": "01Oct2020 12:50",
		"lastModifBy": "porjoo",
		"lastReportID": "b81818ed-ef37-4999-b19e-aaa1bde4a52a",
		"TrackingTblLib" : "public",
		"TrackingTable"  : "VATableEditor_Changes",
		"TrackChanges"	: true,
		"defaultBehaviour" : "read-only",
		"ValidateTable"	: true,
		"OnSaveMode" : 1
	},
	"reports": [
		{
			"crtlInfo": {
				"version": 1,
				"creationDate": "01Oct2020 12:50",
				"createdBy": "porjoo",
				"lastModifDate": "01Oct2020 12:50",
				"lastModifBy": "porjoo"
			},
			"casServer": "cas-shared-default",
			"reportID": "52b5eca5-77af-42c2-93b4-fab95102fd9e",
			"defaultBehaviour": "editable",
			"trackChanges": true,
			"OnSaveMode": 1,
			"validUsers": {
				"groups": [
					"PTPowerUsers",
					"PTProjectShare",
					"BEPowerUsers",
					"BEProjectShare",
					"NLPowerUsers",
					"NLProjectShare",
					"FRPowerUsers",
					"FRProjectShare",
					"SPPowerUsers",
					"SPProjectShare",
					"ukipowerusers",
					"ukisupportusers"
				],
				"users": [
					"porjoo",
					"stest4",
					"snlref",
					"snlysy",
					"sasdemo",
					"sukdhs",
					"frajoz",
					"frascb",
					"sbxjej",
					"snlbad"
				]
			},
			"modules": {
				"cellChanges": true,
				"history": true,
				"saveChanges": true,
				"save2Disk": true,
				"addRows": true,
				"deleteRows": true,
				"updtColVal": true,
				"download": true,
				"downloadCSV": true,
				"downloadPDF": true,
				"downloadJSON": true,
				"downloadXLSX": true,
				"downloadHTML": true,
				"printing": true,
				"clipboard": true,
				"calculator": true,
				"logger": true
			},
			"notMappedColumnsDefaults": {
				"name": "unknown",
				"editable": false,
				"visible": false,
				"onDownload": true,
				"onPrint": true,
				"onClipboard": true,
				"calculator": false,
				"validation": {
					"required": null,
					"formula": null,
					"default": null,
					"min": null,
					"max": null,
					"minLength": null,
					"maxLength": null,
					"in": null,
					"starts": null,
					"ends": null,
					"regex": null
				}
			},
			"dataSources": [
				{
					"casLib": "public",
					"casTable": "DTA_PRF_RAWDTA_TABLEDICT",
					"validateOnLoad": true,
					"trackChanges": true,
					"OnSaveMode": 2,
					"columnDefaults": {
						"primaryKey": false,
						"editable": true,
						"visible": true,
						"onDownload": true,
						"onPrint": true,
						"onClipboard": true,
						"calculator": true,
						"validation": {
							"required": false,
							"formula": null,
							"default": null,
							"min": null,
							"max": null,
							"minLength": null,
							"maxLength": null,
							"in": null,
							"starts": null,
							"ends": null,
							"regex": null
						}
					},
					"columns": [
						{
							"name": "column_datatype",
							"validation": {
								"required": true,
								"default": "CHAR",
								"minLength": 4,
								"maxLength": 10
							}
						},
						{
							"name": "column_decimals",
							"validation": {
								"required": true,
								"default": 0,
								"min": 0,
								"max": 9
							}
						},
						{
							"name": "column_func_meaning"
						},
						{
							"name": "column_iscritical",
							"validation": {
								"required": true,
								"formula": null,
								"default": "Y",
								"minLength": 1,
								"maxLength": 1,
								"in": "Y|N"
							}
						},
						{
							"name": "column_label"
						},
						{
							"name": "column_meaning"
						},
						{
							"name": "column_minmax"
						},
						{
							"name": "column_name",
							"validation": {
								"required": true,
								"minLength": 3,
								"maxLength": 30
							}
						},
						{
							"name": "column_name_matchcode"
						},
						{
							"name": "column_type",
							"validation": {
								"required": true,
								"default": "CHAR",
								"minLength": 4,
								"maxLength": 5,
								"in": "CHAR|DOUBLE"
							}
						},
						{
							"name": "DQ_locale"
						},
						{
							"name": "DQ_match_level_addrs"
						},
						{
							"name": "DQ_match_level_names"
						},
						{
							"name": "rawdta_lib_name",
							"validation": {
								"required": true,
								"default": "public",
								"minLength": 3,
								"maxLength": 8
							}
						},
						{
							"name": "rawdta_table_name",
							"validation": {
								"required": true,
								"minLength": 8,
								"maxLength": 32
							}
						},
						{
							"name": "SID_model_name"
						},
						{
							"name": "column_2profile",
							"validation": {
								"required": true,
								"formula": null,
								"default": "Y",
								"minLength": 1,
								"maxLength": 1,
								"in": "Y|N"
							}
						},
						{
							"name": "column_pattern"
						},
						{
							"name": "Definition_date"
						},
						{
							"name": "Definition_Version",
							"validation": {
								"required": true,
								"default": 0,
								"min": 0,
								"max": 99999
							}
						},
						{
							"name": "Func_ValDesc"
						},
						{
							"name": "Func_Validation"
						},
						{
							"name": "column_mr_group"
						},
						{
							"name": "max_sample_size",
							"validation": {
								"required": true,
								"default": 100
							}
						},
						{
							"name": "DQ_Resolution_Actions"
						},
						{
							"name": "column_data_fmt"
						},
						{
							"name": "SID_model_caslib",
							"validation": {
								"required": false,
								"default": "modeldev",
								"minLength": 3,
								"maxLength": 8
							}
						},
						{
							"name": "SID_model_params"
						},
						{
							"name": "SID_model_table",
							"validation": {
								"required": false,
								"minLength": 8,
								"maxLength": 32
							}
						},
						{
							"name": "rowUID",
							"primaryKey": true,
							"validation": {
								"required": true
							}
						}
					]
				}
			]
		},
		{
			"crtlInfo": {
				"version": 1,
				"creationDate": "01Oct2020 12:50",
				"createdBy": "porjoo",
				"lastModifDate": "01Oct2020 12:50",
				"lastModifBy": "porjoo"
			},
			"casServer": "cas-shared-default",
			"reportID": "20a56311-874b-450a-a679-4963b7a1b419",
			"defaultBehaviour": "editable",
			"trackChanges": true,
			"OnSaveMode": 1,
			"validUsers": {
				"groups": [
					"PTPowerUsers",
					"PTProjectShare",
					"BEPowerUsers",
					"BEProjectShare",
					"NLPowerUsers",
					"NLProjectShare",
					"FRPowerUsers",
					"FRProjectShare",
					"SPPowerUsers",
					"SPProjectShare",
					"ukipowerusers",
					"ukisupportusers"
				],
				"users": [
					"porjoo",
					"stest4",
					"snlref",
					"snlysy",
					"sasdemo",
					"sukdhs",
					"frajoz",
					"frascb",
					"sbxjej",
					"snlbad"
				]
			},
			"modules": {
				"cellChanges": true,
				"history": true,
				"saveChanges": true,
				"save2Disk": true,
				"addRows": true,
				"deleteRows": true,
				"updtColVal": true,
				"download": true,
				"downloadCSV": true,
				"downloadPDF": true,
				"downloadJSON": true,
				"downloadXLSX": true,
				"downloadHTML": true,
				"printing": true,
				"clipboard": true,
				"calculator": true,
				"logger": true
			},
			"notMappedColumnsDefaults": {
				"name": "unknown",
				"editable": false,
				"visible": false,
				"onDownload": true,
				"onPrint": true,
				"onClipboard": true,
				"calculator": false,
				"validation": {
					"required": false,
					"formula": null,
					"default": null,
					"min": null,
					"max": null,
					"minLength": null,
					"maxLength": null,
					"in": null,
					"starts": null,
					"ends": null,
					"regex": null
				}
			},
			"dataSources": [
				{
					"casLib": "Public",
					"casTable": "SNACKS",
					"validateOnLoad": true,
					"trackChanges": true,
					"OnSaveMode": 2,
					"columnDefaults": {
						"primaryKey": false,
						"editable": true,
						"visible": true,
						"onDownload": true,
						"onPrint": true,
						"onClipboard": true,
						"calculator": true,
						"validation": {
							"required": true,
							"formula": null,
							"default": null,
							"min": null,
							"max": null,
							"minLength": null,
							"maxLength": null,
							"in": null,
							"starts": null,
							"ends": null,
							"regex": null
						}
					},
					"columns": [
						{
							"name": "Frequency",
							"visible": true
						},
						{
							"name": "Advertised",
							"editorSelect": {
								"from": "list",
								"values": [
									"0",
									"1"
								],
								"sortValuesList": null,
								"useOnHeaderFilter": true
							},
							"validation": {
								"default": 0,
								"min": 0,
								"max": 1,
								"regex": "^[0,1]$"
							}
						},
						{
							"name": "Date",
							"validation": {
								"default": {
									"date": "10/01/2020",
									"format": "DD/MM/YYYY"
								}
							}
						},
						{
							"name": "Holiday",
							"editorSelect": {
								"from": "list",
								"values": {
									"0": "No",
									"1": "Yes"
								},
								"sortValuesList": null,
								"defaultValue": "No",
								"useOnHeaderFilter": true
							},
							"validation": {
								"default": 0,
								"min": 0,
								"max": 1,
								"regex": "^[0,1]$"
							}
						},
						{
							"name": "Product",
							"editorSelect": {
								"from": "table",
								"values": {
									"casLib": "ptclib03",
									"casTable": "SNACKS",
									"tableColumn": "Product",
									"maxItems": 100
								},
								"sortValuesList": "asc",
								"useOnHeaderFilter": true
							},
							"validation": {
								"minLength": 1,
								"maxLength": 32
							}
						},
						{
							"name": "Price"
						},
						{
							"name": "Unique_ID",
							"primaryKey": true,
							"visible": true
						},
						{
							"name": "QtySold",
							"validation": {
								"default": 1,
								"min": 0,
								"max": 1000
							}
						}
					]
				}
			]
		},
		{
			"crtlInfo": {
				"version": 1,
				"creationDate": "01Oct2020 12:50",
				"createdBy": "porjoo",
				"lastModifDate": "01Oct2020 12:50",
				"lastModifBy": "porjoo"
			},
			"casServer": "cas-shared-default",
			"reportID": "b81818ed-ef37-4999-b19e-aaa1bde4a52a",
			"defaultBehaviour": "editable",
			"trackChanges": true,
			"OnSaveMode": 1,
			"validUsers": {
				"groups": [
					"PTPowerUsers",
					"PTProjectShare",
					"BEPowerUsers",
					"BEProjectShare",
					"NLPowerUsers",
					"NLProjectShare",
					"FRPowerUsers",
					"FRProjectShare",
					"SPPowerUsers",
					"SPProjectShare",
					"ukipowerusers",
					"ukisupportusers"
				],
				"users": [
					"porjoo",
					"stest4",
					"snlref",
					"snlysy",
					"sasdemo",
					"sukdhs",
					"frajoz",
					"frascb",
					"sbxjej",
					"snlbad"
				]
			},
			"modules": {
				"cellChanges": true,
				"history": true,
				"saveChanges": true,
				"save2Disk": true,
				"addRows": true,
				"deleteRows": true,
				"updtColVal": true,
				"download": true,
				"downloadCSV": true,
				"downloadPDF": true,
				"downloadJSON": true,
				"downloadXLSX": true,
				"downloadHTML": true,
				"printing": true,
				"clipboard": true,
				"calculator": true,
				"logger": true
			},
			"notMappedColumnsDefaults": {
				"name": "unknown",
				"editable": false,
				"visible": false,
				"onDownload": true,
				"onPrint": true,
				"onClipboard": true,
				"calculator": false,
				"validation": {
					"required": false,
					"formula": null,
					"default": null,
					"min": null,
					"max": null,
					"minLength": null,
					"maxLength": null,
					"in": null,
					"starts": null,
					"ends": null,
					"regex": null
				}
			},
			"dataSources": [
				{
					"casLib": "public",
					"casTable": "DATARETAIL_TST",
					"validateOnLoad": true,
					"trackChanges": true,
					"OnSaveMode": 2,
					"columnDefaults": {
						"primaryKey": false,
						"editable": true,
						"visible": true,
						"onDownload": true,
						"onPrint": true,
						"onClipboard": true,
						"calculator": true,
						"validation": {
							"required": true,
							"formula": null,
							"default": null,
							"min": null,
							"max": null,
							"minLength": null,
							"maxLength": null,
							"in": null,
							"starts": null,
							"ends": null,
							"regex": null
						}
					},
					"columns": [
						{
							"name": "biz_unit_cd"
						},
						{
							"name": "biz_unit_dsc",
							"headerFilter": true,
							"editorSelect": {
								"from": "self",
								"values": "auto",
								"sortValuesList": "asc",
								"useOnHeaderFilter": true
							}
						},
						{
							"name": "cat_cd"
						},
						{
							"name": "cat_dsc",
							"headerFilter": true,
							"editorSelect": {
								"from": "self",
								"values": "auto",
								"sortValuesList": "asc",
								"useOnHeaderFilter": true
							}
						},
						{
							"name": "gross_sls_amt_eur"
						},
						{
							"name": "item",
							"editable": true
						},
						{
							"name": "product_dsc",
							"headerFilter": true,
							"editorSelect": {
								"from": "table",
								"values": {
									"casLib": "public",
									"casTable": "DATARETAIL_TST",
									"tableColumn": "product_dsc",
									"maxItems": 100
								},
								"useOnHeaderFilter": true
							}
						},
						{
							"name": "qty",
							"validation": {
								"default": 1,
								"min": 0,
								"max": 1000
							}
						},
						{
							"name": "subcat_cd"
						},
						{
							"name": "subcat_dsc_new",
							"editorSelect": {
								"from": "self",
								"values": "auto",
								"sortValuesList": "asc"
							}
						},
						{
							"name": "time_key"
						},
						{
							"name": "user",
							"editable": false
						},
						{
							"name": "rowUID",
							"primaryKey": true
						}
					]
				},
				{
					"casLib": "public",
					"casTable": "SNACKS",
					"validateOnLoad": true,
					"trackChanges": true,
					"OnSaveMode": 2,
					"columnDefaults": {
						"primaryKey": false,
						"editable": true,
						"visible": true,
						"onDownload": true,
						"onPrint": true,
						"onClipboard": true,
						"calculator": true,
						"validation": {
							"required": true,
							"formula": null,
							"default": null,
							"min": null,
							"max": null,
							"minLength": null,
							"maxLength": null,
							"in": null,
							"starts": null,
							"ends": null,
							"regex": null
						}
					},
					"columns": [
						{
							"name": "Frequency",
							"visible": true
						},
						{
							"name": "Advertised",
							"headerFilter": true,
							"editorSelect": {
								"from": "list",
								"values": [
									"0",
									"1"
								],
								"sortValuesList": null,
								"useOnHeaderFilter": true
							},
							"validation": {
								"default": 0,
								"min": 0,
								"max": 1,
								"regex": "^[0,1]$"
							}
						},
						{
							"name": "Date",
							"headerFilter": true,
							"validation": {
								"default": {
									"date": "10/01/2020",
									"format": "DD/MM/YYYY"
								}
							}
						},
						{
							"name": "Holiday",
							"headerFilter": true,
							"editorSelect": {
								"from": "list",
								"values": {
									"0": "No",
									"1": "Yes"
								},
								"sortValuesList": null,
								"defaultValue": "No",
								"useOnHeaderFilter": true
							},
							"validation": {
								"default": 0,
								"min": 0,
								"max": 1,
								"regex": "^[0,1]$"
							}
						},
						{
							"name": "Product",
							"headerFilter": true,
							"editorSelect": {
								"from": "table",
								"values": {
									"casLib": "public",
									"casTable": "SNACKS",
									"tableColumn": "Product",
									"maxItems": 100
								},
								"sortValuesList": "asc",
								"useOnHeaderFilter": true
							},
							"validation": {
								"minLength": 1,
								"maxLength": 32
							}
						},
						{
							"name": "Price"
						},
						{
							"name": "Unique_ID",
							"headerFilter": true,
							"primaryKey": true,
							"visible": true
						},
						{
							"name": "QtySold",
							"validation": {
								"default": 1,
								"min": 0,
								"max": 1000
							}
						}
					]
				}
			]
		}
	]
}